{"AUDJPY": 96.301, "AUDNZD": 1.08402, "AUDUSD": 0.6684805, "CADJPY": 109.321, "EURJPY": 157.806, "EURUSD": 1.0958904, "GBPJPY": 183.6, "USDJPY": 144.021}