{"Tue Jun 27 20:20:41 2023": {"AUDJPY": 96.331, "AUDNZD": 1.08421, "AUDUSD": 0.6689008, "CADJPY": 109.254, "EURJPY": 157.897, "EURUSD": 1.0964912, "GBPJPY": 183.649, "USDJPY": 144.042}, "Tue Jun 27 20:27:31 2023": {"AUDJPY": 96.336, "AUDNZD": 1.08444, "AUDUSD": 0.6688874, "CADJPY": 109.24, "EURJPY": 157.894, "EURUSD": 1.0964912, "GBPJPY": 183.638, "USDJPY": 144.047}, "Tue Jun 27 20:35:14 2023": {"AUDJPY": 96.332, "AUDNZD": 1.08464, "AUDUSD": 0.6688874, "CADJPY": 109.224, "EURJPY": 157.87, "EURUSD": 1.0963709, "GBPJPY": 183.63, "USDJPY": 144.048}, "Tue Jun 27 20:45:03 2023": {"AUDJPY": 96.324, "AUDNZD": 1.08469, "AUDUSD": 0.6687979, "CADJPY": 109.216, "EURJPY": 157.894, "EURUSD": 1.0963709, "GBPJPY": 183.632, "USDJPY": 144.053}, "Tue Jun 27 20:55:01 2023": {"AUDJPY": 96.321, "AUDNZD": 1.08471, "AUDUSD": 0.6686817, "CADJPY": 109.219, "EURJPY": 157.907, "EURUSD": 1.0963709, "GBPJPY": 183.638, "USDJPY": 144.068}, "Tue Jun 27 21:10:15 2023": {"AUDJPY": 96.264, "AUDNZD": 1.08418, "AUDUSD": 0.66880685, "CADJPY": 109.18, "EURJPY": 157.88, "EURUSD": 1.0964912, "GBPJPY": 183.639, "USDJPY": 144.041}, "Tue Jun 27 21:23:16 2023": {"AUDJPY": 96.314, "AUDNZD": 1.08418, "AUDUSD": 0.6690709, "CADJPY": 109.186, "EURJPY": 157.915, "EURUSD": 1.0963709, "GBPJPY": 183.597, "USDJPY": 144.056}, "Tue Jun 27 21:35:32 2023": {"AUDJPY": 96.319, "AUDNZD": 1.08441, "AUDUSD": 0.6690977, "CADJPY": 109.159, "EURJPY": 157.89, "EURUSD": 1.0966115, "GBPJPY": 183.572, "USDJPY": 144.06}, "Tue Jun 27 21:44:58 2023": {"AUDJPY": 96.309, "AUDNZD": 1.08428, "AUDUSD": 0.6688963, "CADJPY": 109.169, "EURJPY": 157.885, "EURUSD": 1.0964912, "GBPJPY": 183.622, "USDJPY": 144.048}, "Tue Jun 27 21:54:54 2023": {"AUDJPY": 96.275, "AUDNZD": 1.08443, "AUDUSD": 0.6688292, "CADJPY": 109.152, "EURJPY": 157.834, "EURUSD": 1.0963709, "GBPJPY": 183.576, "USDJPY": 144.019}, "Tue Jun 27 22:10:41 2023": {"AUDJPY": 96.296, "AUDNZD": 1.08437, "AUDUSD": 0.66878897, "CADJPY": 109.164, "EURJPY": 157.884, "EURUSD": 1.0964912, "GBPJPY": 183.627, "USDJPY": 144.033}, "Tue Jun 27 22:28:52 2023": {"AUDJPY": 96.275, "AUDNZD": 1.0844, "AUDUSD": 0.66860116, "CADJPY": 109.154, "EURJPY": 157.859, "EURUSD": 1.0967317, "GBPJPY": 183.62, "USDJPY": 144.021}, "Tue Jun 27 22:38:30 2023": {"AUDJPY": 96.27, "AUDNZD": 1.08428, "AUDUSD": 0.66860116, "CADJPY": 109.157, "EURJPY": 157.842, "EURUSD": 1.0963709, "GBPJPY": 183.598, "USDJPY": 144.016}, "Tue Jun 27 22:45:25 2023": {"AUDJPY": 96.265, "AUDNZD": 1.08476, "AUDUSD": 0.6686101, "CADJPY": 109.149, "EURJPY": 157.839, "EURUSD": 1.0963709, "GBPJPY": 183.603, "USDJPY": 144.021}, "Tue Jun 27 22:55:04 2023": {"AUDJPY": 96.261, "AUDNZD": 1.08488, "AUDUSD": 0.6686727, "CADJPY": 109.157, "EURJPY": 157.81, "EURUSD": 1.0961307, "GBPJPY": 183.588, "USDJPY": 144.001}, "Tue Jun 27 23:10:54 2023": {"AUDJPY": 96.183, "AUDNZD": 1.08477, "AUDUSD": 0.66844916, "CADJPY": 109.077, "EURJPY": 157.712, "EURUSD": 1.0961307, "GBPJPY": 183.46, "USDJPY": 143.928}, "Tue Jun 27 23:25:43 2023": {"AUDJPY": 96.143, "AUDNZD": 1.08481, "AUDUSD": 0.66831964, "CADJPY": 109.065, "EURJPY": 157.652, "EURUSD": 1.0960106, "GBPJPY": 183.411, "USDJPY": 143.887}, "Tue Jun 27 23:35:20 2023": {"AUDJPY": 96.1, "AUDNZD": 1.08466, "AUDUSD": 0.6682393, "CADJPY": 109.035, "EURJPY": 157.61, "EURUSD": 1.0958904, "GBPJPY": 183.356, "USDJPY": 143.861}, "Tue Jun 27 23:45:10 2023": {"AUDJPY": 96.091, "AUDNZD": 1.08468, "AUDUSD": 0.6682705, "CADJPY": 108.995, "EURJPY": 157.571, "EURUSD": 1.0958904, "GBPJPY": 183.322, "USDJPY": 143.828}}