{"Thu Dec 28 16:12:34 2023": {"AUDJPY": 96.718, "AUDNZD": 1.0791, "AUDUSD": 0.68532, "CADJPY": 106.937, "EURJPY": 156.508, "EURUSD": 1.10926, "GBPJPY": 180.064, "USDJPY": 141.093}, "Thu Dec 28 16:31:12 2023": {"AUDJPY": 96.612, "AUDNZD": 1.07912, "AUDUSD": 0.68473, "CADJPY": 106.905, "EURJPY": 156.275, "EURUSD": 1.10742, "GBPJPY": 179.751, "USDJPY": 141.087}, "Thu Dec 28 16:42:09 2023": {"AUDJPY": 96.58, "AUDNZD": 1.07923, "AUDUSD": 0.68461, "CADJPY": 106.851, "EURJPY": 156.302, "EURUSD": 1.10797, "GBPJPY": 179.781, "USDJPY": 141.069}, "Thu Dec 28 16:49:03 2023": {"AUDJPY": 96.571, "AUDNZD": 1.07877, "AUDUSD": 0.6845, "CADJPY": 106.872, "EURJPY": 156.297, "EURUSD": 1.10786, "GBPJPY": 179.771, "USDJPY": 141.076}, "Thu Dec 28 16:56:08 2023": {"AUDJPY": 96.536, "AUDNZD": 1.07842, "AUDUSD": 0.68422, "CADJPY": 106.877, "EURJPY": 156.218, "EURUSD": 1.10722, "GBPJPY": 179.74, "USDJPY": 141.089}, "Thu Dec 28 17:09:51 2023": {"AUDJPY": 96.691, "AUDNZD": 1.07869, "AUDUSD": 0.68406, "CADJPY": 107.08, "EURJPY": 156.518, "EURUSD": 1.10674, "GBPJPY": 180.06, "USDJPY": 141.408}, "Thu Dec 28 17:24:09 2023": {"AUDJPY": 96.661, "AUDNZD": 1.07827, "AUDUSD": 0.68414, "CADJPY": 106.96, "EURJPY": 156.391, "EURUSD": 1.107, "GBPJPY": 179.824, "USDJPY": 141.261}, "Thu Dec 28 17:35:16 2023": {"AUDJPY": 96.664, "AUDNZD": 1.07864, "AUDUSD": 0.68434, "CADJPY": 106.915, "EURJPY": 156.407, "EURUSD": 1.1074, "GBPJPY": 179.86, "USDJPY": 141.219}, "Thu Dec 28 17:45:02 2023": {"AUDJPY": 96.711, "AUDNZD": 1.07856, "AUDUSD": 0.68456, "CADJPY": 106.923, "EURJPY": 156.447, "EURUSD": 1.10738, "GBPJPY": 179.9, "USDJPY": 141.252}, "Thu Dec 28 17:54:55 2023": {"AUDJPY": 96.725, "AUDNZD": 1.07825, "AUDUSD": 0.68463, "CADJPY": 106.927, "EURJPY": 156.489, "EURUSD": 1.1075, "GBPJPY": 180.02, "USDJPY": 141.294}, "Thu Dec 28 18:13:03 2023": {"AUDJPY": 96.635, "AUDNZD": 1.07861, "AUDUSD": 0.68359, "CADJPY": 106.928, "EURJPY": 156.33, "EURUSD": 1.10577, "GBPJPY": 179.908, "USDJPY": 141.375}, "Thu Dec 28 18:29:10 2023": {"AUDJPY": 96.764, "AUDNZD": 1.07872, "AUDUSD": 0.68387, "CADJPY": 107.078, "EURJPY": 156.463, "EURUSD": 1.1056, "GBPJPY": 179.993, "USDJPY": 141.56}, "Thu Dec 28 18:36:52 2023": {"AUDJPY": 96.767, "AUDNZD": 1.0788, "AUDUSD": 0.68348, "CADJPY": 107.086, "EURJPY": 156.543, "EURUSD": 1.10568, "GBPJPY": 179.993, "USDJPY": 141.557}, "Thu Dec 28 18:45:05 2023": {"AUDJPY": 96.72, "AUDNZD": 1.0788, "AUDUSD": 0.68329, "CADJPY": 107.049, "EURJPY": 156.523, "EURUSD": 1.10571, "GBPJPY": 179.983, "USDJPY": 141.557}, "Thu Dec 28 18:54:54 2023": {"AUDJPY": 96.723, "AUDNZD": 1.07883, "AUDUSD": 0.68353, "CADJPY": 106.99, "EURJPY": 156.535, "EURUSD": 1.10611, "GBPJPY": 179.947, "USDJPY": 141.499}, "Thu Dec 28 19:08:59 2023": {"AUDJPY": 96.685, "AUDNZD": 1.07873, "AUDUSD": 0.68337, "CADJPY": 106.937, "EURJPY": 156.506, "EURUSD": 1.10638, "GBPJPY": 180.03, "USDJPY": 141.453}, "Thu Dec 28 19:18:37 2023": {"AUDJPY": 96.669, "AUDNZD": 1.07887, "AUDUSD": 0.68318, "CADJPY": 106.937, "EURJPY": 156.516, "EURUSD": 1.10617, "GBPJPY": 179.992, "USDJPY": 141.506}, "Thu Dec 28 19:25:34 2023": {"AUDJPY": 96.647, "AUDNZD": 1.07897, "AUDUSD": 0.68297, "CADJPY": 106.946, "EURJPY": 156.506, "EURUSD": 1.10608, "GBPJPY": 179.992, "USDJPY": 141.489}, "Thu Dec 28 19:35:02 2023": {"AUDJPY": 96.694, "AUDNZD": 1.07897, "AUDUSD": 0.6833, "CADJPY": 106.963, "EURJPY": 156.518, "EURUSD": 1.10586, "GBPJPY": 180.013, "USDJPY": 141.535}, "Thu Dec 28 19:44:53 2023": {"AUDJPY": 96.671, "AUDNZD": 1.07916, "AUDUSD": 0.68293, "CADJPY": 106.992, "EURJPY": 156.557, "EURUSD": 1.10588, "GBPJPY": 180.013, "USDJPY": 141.547}, "Thu Dec 28 19:54:58 2023": {"AUDJPY": 96.681, "AUDNZD": 1.07928, "AUDUSD": 0.68325, "CADJPY": 106.942, "EURJPY": 156.562, "EURUSD": 1.10648, "GBPJPY": 180.019, "USDJPY": 141.466}, "Thu Dec 28 20:10:47 2023": {"AUDJPY": 96.637, "AUDNZD": 1.07928, "AUDUSD": 0.68337, "CADJPY": 106.887, "EURJPY": 156.486, "EURUSD": 1.10648, "GBPJPY": 180.004, "USDJPY": 141.42}, "Thu Dec 28 20:21:35 2023": {"AUDJPY": 96.658, "AUDNZD": 1.07928, "AUDUSD": 0.68345, "CADJPY": 106.916, "EURJPY": 156.498, "EURUSD": 1.10651, "GBPJPY": 180.008, "USDJPY": 141.429}, "Thu Dec 28 20:28:23 2023": {"AUDJPY": 96.633, "AUDNZD": 1.07945, "AUDUSD": 0.68354, "CADJPY": 106.829, "EURJPY": 156.4, "EURUSD": 1.1068, "GBPJPY": 179.879, "USDJPY": 141.323}, "Thu Dec 28 20:36:50 2023": {"AUDJPY": 96.629, "AUDNZD": 1.07936, "AUDUSD": 0.68358, "CADJPY": 106.874, "EURJPY": 156.456, "EURUSD": 1.10681, "GBPJPY": 180.007, "USDJPY": 141.352}, "Thu Dec 28 20:45:03 2023": {"AUDJPY": 96.659, "AUDNZD": 1.07953, "AUDUSD": 0.68376, "CADJPY": 106.902, "EURJPY": 156.492, "EURUSD": 1.10702, "GBPJPY": 180.048, "USDJPY": 141.353}, "Thu Dec 28 20:55:11 2023": {"AUDJPY": 96.619, "AUDNZD": 1.07943, "AUDUSD": 0.68336, "CADJPY": 106.881, "EURJPY": 156.489, "EURUSD": 1.1068, "GBPJPY": 180.028, "USDJPY": 141.364}, "Thu Dec 28 21:09:54 2023": {"AUDJPY": 96.572, "AUDNZD": 1.07866, "AUDUSD": 0.683, "CADJPY": 106.892, "EURJPY": 156.444, "EURUSD": 1.10644, "GBPJPY": 179.966, "USDJPY": 141.398}, "Thu Dec 28 21:20:37 2023": {"AUDJPY": 96.593, "AUDNZD": 1.07855, "AUDUSD": 0.68296, "CADJPY": 106.926, "EURJPY": 156.472, "EURUSD": 1.10638, "GBPJPY": 180.006, "USDJPY": 141.421}, "Thu Dec 28 21:27:39 2023": {"AUDJPY": 96.586, "AUDNZD": 1.07846, "AUDUSD": 0.68283, "CADJPY": 106.898, "EURJPY": 156.471, "EURUSD": 1.10637, "GBPJPY": 180.061, "USDJPY": 141.417}, "Thu Dec 28 21:35:13 2023": {"AUDJPY": 96.54, "AUDNZD": 1.07829, "AUDUSD": 0.68277, "CADJPY": 106.892, "EURJPY": 156.413, "EURUSD": 1.10611, "GBPJPY": 180.082, "USDJPY": 141.409}, "Thu Dec 28 21:45:01 2023": {"AUDJPY": 96.555, "AUDNZD": 1.07837, "AUDUSD": 0.68277, "CADJPY": 106.873, "EURJPY": 156.408, "EURUSD": 1.1061, "GBPJPY": 180.023, "USDJPY": 141.398}, "Thu Dec 28 21:55:03 2023": {"AUDJPY": 96.556, "AUDNZD": 1.07834, "AUDUSD": 0.68283, "CADJPY": 106.898, "EURJPY": 156.42, "EURUSD": 1.10619, "GBPJPY": 180.025, "USDJPY": 141.404}, "Thu Dec 28 22:10:07 2023": {"AUDJPY": 96.507, "AUDNZD": 1.07768, "AUDUSD": 0.6828, "CADJPY": 106.861, "EURJPY": 156.386, "EURUSD": 1.1063, "GBPJPY": 179.993, "USDJPY": 141.37}, "Thu Dec 28 22:25:50 2023": {"AUDJPY": 96.546, "AUDNZD": 1.07743, "AUDUSD": 0.68275, "CADJPY": 106.864, "EURJPY": 156.407, "EURUSD": 1.10624, "GBPJPY": 179.93, "USDJPY": 141.377}, "Thu Dec 28 22:35:10 2023": {"AUDJPY": 96.574, "AUDNZD": 1.07802, "AUDUSD": 0.68299, "CADJPY": 106.847, "EURJPY": 156.422, "EURUSD": 1.1064, "GBPJPY": 180.029, "USDJPY": 141.382}, "Thu Dec 28 22:44:57 2023": {"AUDJPY": 96.556, "AUDNZD": 1.07795, "AUDUSD": 0.68286, "CADJPY": 106.852, "EURJPY": 156.424, "EURUSD": 1.10624, "GBPJPY": 180.08, "USDJPY": 141.382}, "Thu Dec 28 22:55:00 2023": {"AUDJPY": 96.54, "AUDNZD": 1.0781, "AUDUSD": 0.68281, "CADJPY": 106.84, "EURJPY": 156.409, "EURUSD": 1.10626, "GBPJPY": 179.898, "USDJPY": 141.379}, "Thu Dec 28 23:11:10 2023": {"AUDJPY": 96.42, "AUDNZD": 1.07792, "AUDUSD": 0.68245, "CADJPY": 106.783, "EURJPY": 156.298, "EURUSD": 1.10637, "GBPJPY": 179.862, "USDJPY": 141.276}, "Thu Dec 28 23:24:05 2023": {"AUDJPY": 96.431, "AUDNZD": 1.07778, "AUDUSD": 0.68251, "CADJPY": 106.808, "EURJPY": 156.372, "EURUSD": 1.10653, "GBPJPY": 179.91, "USDJPY": 141.304}, "Thu Dec 28 23:35:33 2023": {"AUDJPY": 96.515, "AUDNZD": 1.0777, "AUDUSD": 0.68259, "CADJPY": 106.852, "EURJPY": 156.44, "EURUSD": 1.10655, "GBPJPY": 179.984, "USDJPY": 141.366}, "Thu Dec 28 23:45:06 2023": {"AUDJPY": 96.549, "AUDNZD": 1.07774, "AUDUSD": 0.68252, "CADJPY": 106.865, "EURJPY": 156.48, "EURUSD": 1.10652, "GBPJPY": 180.035, "USDJPY": 141.412}, "Thu Dec 28 23:55:12 2023": {"AUDJPY": 96.566, "AUDNZD": 1.07774, "AUDUSD": 0.68263, "CADJPY": 106.895, "EURJPY": 156.538, "EURUSD": 1.10667, "GBPJPY": 180.066, "USDJPY": 141.434}, "Fri Dec 29 00:33:07 2023": {"AUDJPY": 96.637, "AUDNZD": 1.07771, "AUDUSD": 0.68334, "CADJPY": 106.937, "EURJPY": 156.586, "EURUSD": 1.10711, "GBPJPY": 180.16, "USDJPY": 141.448}, "Fri Dec 29 01:31:58 2023": {"AUDJPY": 96.763, "AUDNZD": 1.07833, "AUDUSD": 0.68372,