{"Thu Dec 28 16:12:34 2023": {"AUDJPY": 96.718, "AUDNZD": 1.0791, "AUDUSD": 0.68532, "CADJPY": 106.937, "EURJPY": 156.508, "EURUSD": 1.10926, "GBPJPY": 180.064, "USDJPY": 141.093}, "Thu Dec 28 16:31:12 2023": {"AUDJPY": 96.612, "AUDNZD": 1.07912, "AUDUSD": 0.68473, "CADJPY": 106.905, "EURJPY": 156.275, "EURUSD": 1.10742, "GBPJPY": 179.751, "USDJPY": 141.087}, "Thu Dec 28 16:42:09 2023": {"AUDJPY": 96.58, "AUDNZD": 1.07923, "AUDUSD": 0.68461, "CADJPY": 106.851, "EURJPY": 156.302, "EURUSD": 1.10797, "GBPJPY": 179.781, "USDJPY": 141.069}, "Thu Dec 28 16:49:03 2023": {"AUDJPY": 96.571, "AUDNZD": 1.07877, "AUDUSD": 0.6845, "CADJPY": 106.872, "EURJPY": 156.297, "EURUSD": 1.10786, "GBPJPY": 179.771, "USDJPY": 141.076}, "Thu Dec 28 16:56:08 2023": {"AUDJPY": 96.536, "AUDNZD": 1.07842, "AUDUSD": 0.68422, "CADJPY": 106.877, "EURJPY": 156.218, "EURUSD": 1.10722, "GBPJPY": 179.74, "USDJPY": 141.089}}