{"Tue Jun 27 20:20:41 2023": {"AUDJPY": 96.331, "AUDNZD": 1.08421, "AUDUSD": 0.6689008, "CADJPY": 109.254, "EURJPY": 157.897, "EURUSD": 1.0964912, "GBPJPY": 183.649, "USDJPY": 144.042}, "Tue Jun 27 20:27:31 2023": {"AUDJPY": 96.336, "AUDNZD": 1.08444, "AUDUSD": 0.6688874, "CADJPY": 109.24, "EURJPY": 157.894, "EURUSD": 1.0964912, "GBPJPY": 183.638, "USDJPY": 144.047}}