{"Tue Jun 27 20:20:41 2023": {"AUDJPY": 96.331, "AUDNZD": 1.08421, "AUDUSD": 0.6689008, "CADJPY": 109.254, "EURJPY": 157.897, "EURUSD": 1.0964912, "GBPJPY": 183.649, "USDJPY": 144.042}}