{"AUDJPY": 96.231, "AUDNZD": 1.08358, "AUDUSD": 0.6684403, "CADJPY": 109.27, "EURJPY": 157.801, "EURUSD": 1.0961307, "GBPJPY": 183.583, "USDJPY": 143.987}{"AUDJPY": 96.218, "AUDNZD": 1.08358, "AUDUSD": 0.66844916, "CADJPY": 109.299, "EURJPY": 157.842, "EURUSD": 1.0963709, "GBPJPY": 183.613, "USDJPY": 144.01}