{"Thu Dec 28 16:12:34 2023": {"AUDJPY": 96.718, "AUDNZD": 1.0791, "AUDUSD": 0.68532, "CADJPY": 106.937, "EURJPY": 156.508, "EURUSD": 1.10926, "GBPJPY": 180.064, "USDJPY": 141.093}, "Thu Dec 28 16:31:12 2023": {"AUDJPY": 96.612, "AUDNZD": 1.07912, "AUDUSD": 0.68473, "CADJPY": 106.905, "EURJPY": 156.275, "EURUSD": 1.10742, "GBPJPY": 179.751, "USDJPY": 141.087}}