{"Tue Jun 27 20:20:41 2023": {"AUDJPY": 96.331, "AUDNZD": 1.08421, "AUDUSD": 0.6689008, "CADJPY": 109.254, "EURJPY": 157.897, "EURUSD": 1.0964912, "GBPJPY": 183.649, "USDJPY": 144.042}, "Tue Jun 27 20:27:31 2023": {"AUDJPY": 96.336, "AUDNZD": 1.08444, "AUDUSD": 0.6688874, "CADJPY": 109.24, "EURJPY": 157.894, "EURUSD": 1.0964912, "GBPJPY": 183.638, "USDJPY": 144.047}, "Tue Jun 27 20:35:14 2023": {"AUDJPY": 96.332, "AUDNZD": 1.08464, "AUDUSD": 0.6688874, "CADJPY": 109.224, "EURJPY": 157.87, "EURUSD": 1.0963709, "GBPJPY": 183.63, "USDJPY": 144.048}, "Tue Jun 27 20:45:03 2023": {"AUDJPY": 96.324, "AUDNZD": 1.08469, "AUDUSD": 0.6687979, "CADJPY": 109.216, "EURJPY": 157.894, "EURUSD": 1.0963709, "GBPJPY": 183.632, "USDJPY": 144.053}, "Tue Jun 27 20:55:01 2023": {"AUDJPY": 96.321, "AUDNZD": 1.08471, "AUDUSD": 0.6686817, "CADJPY": 109.219, "EURJPY": 157.907, "EURUSD": 1.0963709, "GBPJPY": 183.638, "USDJPY": 144.068}}