{"Thu Dec 28 16:12:34 2023": {"AUDJPY": 96.718, "AUDNZD": 1.0791, "AUDUSD": 0.68532, "CADJPY": 106.937, "EURJPY": 156.508, "EURUSD": 1.10926, "GBPJPY": 180.064, "USDJPY": 141.093}, "Thu Dec 28 16:31:12 2023": {"AUDJPY": 96.612, "AUDNZD": 1.07912, "AUDUSD": 0.68473, "CADJPY": 106.905, "EURJPY": 156.275, "EURUSD": 1.10742, "GBPJPY": 179.751, "USDJPY": 141.087}, "Thu Dec 28 16:42:09 2023": {"AUDJPY": 96.58, "AUDNZD": 1.07923, "AUDUSD": 0.68461, "CADJPY": 106.851, "EURJPY": 156.302, "EURUSD": 1.10797, "GBPJPY": 179.781, "USDJPY": 141.069}, "Thu Dec 28 16:49:03 2023": {"AUDJPY": 96.571, "AUDNZD": 1.07877, "AUDUSD": 0.6845, "CADJPY": 106.872, "EURJPY": 156.297, "EURUSD": 1.10786, "GBPJPY": 179.771, "USDJPY": 141.076}, "Thu Dec 28 16:56:08 2023": {"AUDJPY": 96.536, "AUDNZD": 1.07842, "AUDUSD": 0.68422, "CADJPY": 106.877, "EURJPY": 156.218, "EURUSD": 1.10722, "GBPJPY": 179.74, "USDJPY": 141.089}, "Thu Dec 28 17:09:51 2023": {"AUDJPY": 96.691, "AUDNZD": 1.07869, "AUDUSD": 0.68406, "CADJPY": 107.08, "EURJPY": 156.518, "EURUSD": 1.10674, "GBPJPY": 180.06, "USDJPY": 141.408}, "Thu Dec 28 17:24:09 2023": {"AUDJPY": 96.661, "AUDNZD": 1.07827, "AUDUSD": 0.68414, "CADJPY": 106.96, "EURJPY": 156.391, "EURUSD": 1.107, "GBPJPY": 179.824, "USDJPY": 141.261}, "Thu Dec 28 17:35:16 2023": {"AUDJPY": 96.664, "AUDNZD": 1.07864, "AUDUSD": 0.68434, "CADJPY": 106.915, "EURJPY": 156.407, "EURUSD": 1.1074, "GBPJPY": 179.86, "USDJPY": 141.219}, "Thu Dec 28 17:45:02 2023": {"AUDJPY": 96.711, "AUDNZD": 1.07856, "AUDUSD": 0.68456, "CADJPY": 106.923, "EURJPY": 156.447, "EURUSD": 1.10738, "GBPJPY": 179.9, "USDJPY": 141.252}, "Thu Dec 28 17:54:55 2023": {"AUDJPY": 96.725, "AUDNZD": 1.07825, "AUDUSD": 0.68463, "CADJPY": 106.927, "EURJPY": 156.489, "EURUSD": 1.1075, "GBPJPY": 180.02, "USDJPY": 141.294}, "Thu Dec 28 18:13:03 2023": {"AUDJPY": 96.635, "AUDNZD": 1.07861, "AUDUSD": 0.68359, "CADJPY": 106.928, "EURJPY": 156.33, "EURUSD": 1.10577, "GBPJPY": 179.908, "USDJPY": 141.375}, "Thu Dec 28 18:29:10 2023": {"AUDJPY": 96.764, "AUDNZD": 1.07872, "AUDUSD": 0.68387, "CADJPY": 107.078, "EURJPY": 156.463, "EURUSD": 1.1056, "GBPJPY": 179.993, "USDJPY": 141.56}, "Thu Dec 28 18:36:52 2023": {"AUDJPY": 96.767, "AUDNZD": 1.0788, "AUDUSD": 0.68348, "CADJPY": 107.086, "EURJPY": 156.543, "EURUSD": 1.10568, "GBPJPY": 179.993, "USDJPY": 141.557}, "Thu Dec 28 18:45:05 2023": {"AUDJPY": 96.72, "AUDNZD": 1.0788, "AUDUSD": 0.68329, "CADJPY": 107.049, "EURJPY": 156.523, "EURUSD": 1.10571, "GBPJPY": 179.983, "USDJPY": 141.557}, "Thu Dec 28 18:54:54 2023": {"AUDJPY": 96.723, "AUDNZD": 1.07883, "AUDUSD": 0.68353, "CADJPY": 106.99, "EURJPY": 156.535, "EURUSD": 1.10611, "GBPJPY": 179.947, "USDJPY": 141.499}}