{"AUDJPY": 96.257, "AUDNZD": 1.08371, "AUDUSD": 0.668628, "CADJPY": 109.323, "EURJPY": 157.819, "EURUSD": 1.0964912, "GBPJPY": 183.646, "USDJPY": 143.989}